commit_sha,repo_removed,repo_kept,language,cluster_size,stars_removed,stars_kept
a4c1a42dc834708ef8f5f167c8a2057fbc1add2f,agershun/alasql,alasql/alasql,javascript,2,5810,7282
5217f44d4380516d07fa661345a0cc93ac402ba7,agershun/alasql,alasql/alasql,javascript,2,5810,7282
0029abebab248ffe4b2b96be685503fdbb2ede53,agershun/alasql,alasql/alasql,javascript,2,5810,7282
2cf087574c9d5db1ca0afab7bcbc8e2d4b59aab7,agershun/alasql,alasql/alasql,javascript,2,5810,7282
088e1109b0e89c703c53609b42b6a9b4e1039102,agershun/alasql,alasql/alasql,javascript,2,5810,7282
8d9f37c862a831b9ff474969439b035ae775998f,agershun/alasql,alasql/alasql,javascript,2,5810,7282
4992fcb164ebb91b8d9555f0a8f0f90657f37d0c,agershun/alasql,alasql/alasql,javascript,2,5810,7282
569dfd7260df09ade6964125a9d29c97ea38439e,squaremo/amqp.node,amqp-node/amqplib,javascript,2,3062,3837
71854d402dceff8cbf15e6ee9c059d9079ebd065,andris9/imapapi,postalsys/emailengine,javascript,3,886,2192
71854d402dceff8cbf15e6ee9c059d9079ebd065,postalsys/imapapi,postalsys/emailengine,javascript,3,925,2192
5a41a88e2f3dce1a7d76810c5ad008bc7bfdcd56,beatai-org/beatai,genesislab-io/beatai,javascript,2,4679,4692
5f5f7e4f8aebe18b59d0be9148385aa67e6da267,beatai-org/beatai,genesislab-io/beatai,javascript,2,4679,4692
14de11574f7490853411eefc229218e2223aca9c,beatai-org/beatai,genesislab-io/beatai,javascript,2,4679,4692
2797ffa09d97c6b361eea8a77013f72438d2f587,beatai-org/beatai,genesislab-io/beatai,javascript,2,4679,4692
b3bb24a1d0b2a7f5a1705719714b412f119fbbaf,trueadm/ripple,Ripple-TS/ripple,javascript,2,5775,7388
d79dd89ad5c288baf8e912ea72f471088ae9f37d,trueadm/ripple,Ripple-TS/ripple,javascript,2,5775,7388
f3e5e01b87157d78dd806ef2535e0b4bdfe63345,trueadm/ripple,Ripple-TS/ripple,javascript,2,5775,7388
3e4e86b6113a85568f8eb89d8fda8044742543a6,trueadm/ripple,Ripple-TS/ripple,javascript,2,5775,7388
26e1160ed78255ac0d191484a527e170901661c7,trueadm/ripple,Ripple-TS/ripple,javascript,2,5775,7388
34d64e5028aee91a22a1cd1d8490c1c64105a7cd,trueadm/ripple,Ripple-TS/ripple,javascript,2,5775,7388
caf83e386faa9133df70460f266fc27ab323082b,trueadm/ripple,Ripple-TS/ripple,javascript,2,5775,7388
751f09f7f0ce94d2e53e629ceb74c86f59cdb3cd,trueadm/ripple,Ripple-TS/ripple,javascript,2,5775,7388
a68ac9205c5e51b5f7758135a23ba31236eb635a,trueadm/ripple,Ripple-TS/ripple,javascript,2,5775,7388
0e8baf278e4105ae019929138956938cd5189035,trueadm/ripple,Ripple-TS/ripple,javascript,2,5775,7388
8c7ffb6cdbd81f8c730a9467806b03462b009800,trueadm/ripple,Ripple-TS/ripple,javascript,2,5775,7388
7ce3e233065a3431930c9506c5ef9fb188e1c9f3,SynkraAI/aios-core,SynkraAI/aiox-core,javascript,2,1422,2968
6ba8db8fa1573190123915847cf6062c385480bd,SynkraAI/aios-core,SynkraAI/aiox-core,javascript,2,1422,2968
5a15e6af5473aa4b62244ba99c253a1026db6b1f,SynkraAI/aios-core,SynkraAI/aiox-core,javascript,2,1422,2968
2f929218f1b8da91b26bd7cb5025a23154a91c64,SynkraAI/aios-core,SynkraAI/aiox-core,javascript,2,1422,2968
d30402a889a114f485cfecdd8b052a5ccc2c4cd9,SynkraAI/aios-core,SynkraAI/aiox-core,javascript,2,1422,2968
72eaa5c2f23f1c6baa870389c138f26d954d2d01,SynkraAI/aios-core,SynkraAI/aiox-core,javascript,2,1422,2968
ddded999284c9cf8eb4101b3c6e86cdeba4e4944,SynkraAI/aios-core,SynkraAI/aiox-core,javascript,2,1422,2968
1a790e6c46faead0921249feb3d466caf26835fc,SynkraAI/aios-core,SynkraAI/aiox-core,javascript,2,1422,2968
1f3a8b63633591b6788d00dd66eb95cf6afc330a,SynkraAI/aios-core,SynkraAI/aiox-core,javascript,2,1422,2968
edddbe33b7e36db13d0105393c6c25e2e243c191,SynkraAI/aios-core,SynkraAI/aiox-core,javascript,2,1422,2968
1fcfd4cdb4f6ec356938fe750714aae27db090f6,SynkraAI/aios-core,SynkraAI/aiox-core,javascript,2,1422,2968
a530f7785fcabfa80b7356c8248bdbf632f5c1e0,SynkraAI/aios-core,SynkraAI/aiox-core,javascript,2,1422,2968
097dab72110f4779c4ca3463835d0ab371f25033,SynkraAI/aios-core,SynkraAI/aiox-core,javascript,2,1422,2968
bdaaeec34024d0c89806124aaf1427e0eb721682,SynkraAI/aios-core,SynkraAI/aiox-core,javascript,2,1422,2968
11c130d3593cb996f10e753ac2ab995b336af62e,SynkraAI/aios-core,SynkraAI/aiox-core,javascript,2,1422,2968
1c3ba4e8fc0975add2d93852cd63ee7694fe2b2f,SynkraAI/aios-core,SynkraAI/aiox-core,javascript,2,1422,2968
6b4b2413f11ffec9fbb0c2d67f143f495e6d428a,SynkraAI/aios-core,SynkraAI/aiox-core,javascript,2,1422,2968
a2bbcf3c08a5602f55f825c86638d30f9c109837,SynkraAI/aios-core,SynkraAI/aiox-core,javascript,2,1422,2968
8a8ea56340c3c390a96c9e25c6712a495b26966b,SynkraAI/aios-core,SynkraAI/aiox-core,javascript,2,1422,2968
5c70e914bb379575969830b2261d3f395d62dd2a,SynkraAI/aios-core,SynkraAI/aiox-core,javascript,2,1422,2968
84cebbdebf1a4aef1979da745f619ba8d090c883,SynkraAI/aios-core,SynkraAI/aiox-core,javascript,2,1422,2968
9368432bfe980599210cfa15067cb4eac928a5ce,SynkraAI/aios-core,SynkraAI/aiox-core,javascript,2,1422,2968
dc4149d3be167ac97f01b6c35b04c4f5506d297e,SynkraAI/aios-core,SynkraAI/aiox-core,javascript,2,1422,2968
77265d53966193958c0d370475bc2df041760d99,SynkraAI/aios-core,SynkraAI/aiox-core,javascript,2,1422,2968
5e5d54c50830127df6f73c32d78dea1b7f9fed2e,cyclonedx/cdxgen,cdxgen/cdxgen,javascript,2,855,1010
65804790e8ebe10a884ec93c04121b7ec1f2a0af,covibes/zeroshot,the-open-engine/zeroshot,javascript,2,1500,1626
f5fe45bad75af99bb05500e758d2a635968b2dc9,covibes/zeroshot,the-open-engine/zeroshot,javascript,2,1500,1626
0d0c53e6ce83ed5df2b6b90c8b1071ad2c5050f0,covibes/zeroshot,the-open-engine/zeroshot,javascript,2,1500,1626
11fb8918ac2e101220bf464da1f1943bfe3de5c8,covibes/zeroshot,the-open-engine/zeroshot,javascript,2,1500,1626
e6894721776c76c7023c7a87d63d132c9e694568,covibes/zeroshot,the-open-engine/zeroshot,javascript,2,1500,1626
36fb714fd24265cca2054a9727c32555d4a99a0f,covibes/zeroshot,the-open-engine/zeroshot,javascript,2,1500,1626
25d0f46ab39c172191bf9c54cfa51a259d2af529,covibes/zeroshot,the-open-engine/zeroshot,javascript,2,1500,1626
4d8ccf3bbe57b9ca8b7e350f9a48cf5f5d6ac6ef,covibes/zeroshot,the-open-engine/zeroshot,javascript,2,1500,1626
acffbbb5dabf4e517c7a1e5a2542c2bda557e6e4,covibes/zeroshot,the-open-engine/zeroshot,javascript,2,1500,1626
2da3252df04b19fb64ed2f686c49645c4f33ce9e,covibes/zeroshot,the-open-engine/zeroshot,javascript,2,1500,1626
33167420c49fae0bf538a13e43c11dd5582d4ed9,covibes/zeroshot,the-open-engine/zeroshot,javascript,2,1500,1626
b7b3cf4f37550a0471f2da95ece8d356cee737a4,facebook/metro,react/metro,javascript,2,5598,5612
fb207ec17857832d0252dd763fce4be07ca47ae2,facebook/metro,react/metro,javascript,2,5598,5612
974d8e580d28525721552bb6f8a3f833a0bdbafc,facebook/metro,react/metro,javascript,2,5598,5612
0a4897f90d5296495b68b11e3967904cc4a3ddea,facebook/metro,react/metro,javascript,2,5598,5612
877b64ea596730e0ff50001c50943a243aa2f31e,facebook/metro,react/metro,javascript,2,5598,5612
ccd9a57650dcc3fff0ae8d0f77e57660c4689253,facebook/metro,react/metro,javascript,2,5598,5612
d137ec4826006df819d2972d26aa300d9a6f914b,facebook/metro,react/metro,javascript,2,5598,5612
0ca1a59ab30646480d73c725ece5de54cbcf4a1f,glittercowboy/get-shit-done,gsd-build/get-shit-done,javascript,3,11910,63823
0ca1a59ab30646480d73c725ece5de54cbcf4a1f,open-gsd/gsd-core,gsd-build/get-shit-done,javascript,3,6077,63823
abeacf02903ed4dfb85c019007322be225f2af5f,glittercowboy/get-shit-done,gsd-build/get-shit-done,javascript,3,11910,63823
abeacf02903ed4dfb85c019007322be225f2af5f,open-gsd/gsd-core,gsd-build/get-shit-done,javascript,3,6077,63823
a5fd00278d0cdc741e99cbb0efbcbba08a4dfcfd,glittercowboy/get-shit-done,gsd-build/get-shit-done,javascript,3,11910,63823
a5fd00278d0cdc741e99cbb0efbcbba08a4dfcfd,open-gsd/gsd-core,gsd-build/get-shit-done,javascript,3,6077,63823
68b22fad104e48340cf2dcacda6de1c394420f37,glittercowboy/get-shit-done,gsd-build/get-shit-done,javascript,3,11910,63823
68b22fad104e48340cf2dcacda6de1c394420f37,open-gsd/gsd-core,gsd-build/get-shit-done,javascript,3,6077,63823
9f87ba215b4f62c01df707b9da6ad23701747042,glittercowboy/get-shit-done,gsd-build/get-shit-done,javascript,3,11910,63823
9f87ba215b4f62c01df707b9da6ad23701747042,open-gsd/gsd-core,gsd-build/get-shit-done,javascript,3,6077,63823
0342886eb05518fbc64ae594c98a7ba4c49fa5a9,glittercowboy/get-shit-done,gsd-build/get-shit-done,javascript,3,11910,63823
0342886eb05518fbc64ae594c98a7ba4c49fa5a9,open-gsd/gsd-core,gsd-build/get-shit-done,javascript,3,6077,63823
e8e497bc9df3943fb119deda3f023fb28e7a11c1,glittercowboy/get-shit-done,gsd-build/get-shit-done,javascript,3,11910,63823
e8e497bc9df3943fb119deda3f023fb28e7a11c1,open-gsd/gsd-core,gsd-build/get-shit-done,javascript,3,6077,63823
e0e79294496ee8fed20162b3a8941bc9700e8d70,glittercowboy/get-shit-done,gsd-build/get-shit-done,javascript,3,11910,63823
e0e79294496ee8fed20162b3a8941bc9700e8d70,open-gsd/gsd-core,gsd-build/get-shit-done,javascript,3,6077,63823
d4ec9c69a94e09feda1a784d59e1962164591885,glittercowboy/get-shit-done,gsd-build/get-shit-done,javascript,3,11910,63823
d4ec9c69a94e09feda1a784d59e1962164591885,open-gsd/gsd-core,gsd-build/get-shit-done,javascript,3,6077,63823
c027fe6542a6930c565225d3e5c65db8bce3ddec,glittercowboy/get-shit-done,gsd-build/get-shit-done,javascript,3,11910,63823
c027fe6542a6930c565225d3e5c65db8bce3ddec,open-gsd/gsd-core,gsd-build/get-shit-done,javascript,3,6077,63823
29a87cba7c8dfaaba1559d5ebdfa9f4eedfc6472,glittercowboy/get-shit-done,gsd-build/get-shit-done,javascript,3,11910,63823
29a87cba7c8dfaaba1559d5ebdfa9f4eedfc6472,open-gsd/gsd-core,gsd-build/get-shit-done,javascript,3,6077,63823
763ff977645905d9c5df0d5f54ff040d86f3cea0,glittercowboy/get-shit-done,gsd-build/get-shit-done,javascript,3,11910,63823
763ff977645905d9c5df0d5f54ff040d86f3cea0,open-gsd/gsd-core,gsd-build/get-shit-done,javascript,3,6077,63823
d5ef3b4f1f4c6407a54a95419d26ab7678113084,glittercowboy/get-shit-done,gsd-build/get-shit-done,javascript,3,11910,63823
d5ef3b4f1f4c6407a54a95419d26ab7678113084,open-gsd/gsd-core,gsd-build/get-shit-done,javascript,3,6077,63823
74a4851421e1edb9fd5cfc5a3d802f73e0fbc3c5,glittercowboy/get-shit-done,gsd-build/get-shit-done,javascript,3,11910,63823
74a4851421e1edb9fd5cfc5a3d802f73e0fbc3c5,open-gsd/gsd-core,gsd-build/get-shit-done,javascript,3,6077,63823
898b82dee02578c87918ded59b3b14724df82226,glittercowboy/get-shit-done,gsd-build/get-shit-done,javascript,3,11910,63823
898b82dee02578c87918ded59b3b14724df82226,open-gsd/gsd-core,gsd-build/get-shit-done,javascript,3,6077,63823
ddb9923df2894080770d59470d0a9f0ce811649f,glittercowboy/get-shit-done,gsd-build/get-shit-done,javascript,3,11910,63823
ddb9923df2894080770d59470d0a9f0ce811649f,open-gsd/gsd-core,gsd-build/get-shit-done,javascript,3,6077,63823
f5167a5ca93902de6dc8503ba1572db55abe7667,glittercowboy/get-shit-done,gsd-build/get-shit-done,javascript,3,11910,63823
f5167a5ca93902de6dc8503ba1572db55abe7667,open-gsd/gsd-core,gsd-build/get-shit-done,javascript,3,6077,63823
93dc3d134f0bd6a39f20916d873f06ec6075acd6,glittercowboy/get-shit-done,gsd-build/get-shit-done,javascript,3,11910,63823
93dc3d134f0bd6a39f20916d873f06ec6075acd6,open-gsd/gsd-core,gsd-build/get-shit-done,javascript,3,6077,63823
e84999663cd955fb87ade79dc0065d5d1abf874d,glittercowboy/get-shit-done,gsd-build/get-shit-done,javascript,3,11910,63823
e84999663cd955fb87ade79dc0065d5d1abf874d,open-gsd/gsd-core,gsd-build/get-shit-done,javascript,3,6077,63823
b6a49163ea94be7df30da460bf03066aa14186ea,glittercowboy/get-shit-done,gsd-build/get-shit-done,javascript,3,11910,63823
b6a49163ea94be7df30da460bf03066aa14186ea,open-gsd/gsd-core,gsd-build/get-shit-done,javascript,3,6077,63823
1063fdf1ade3eaa3361b4476f36f1e0824be486c,glittercowboy/get-shit-done,gsd-build/get-shit-done,javascript,3,11910,63823
1063fdf1ade3eaa3361b4476f36f1e0824be486c,open-gsd/gsd-core,gsd-build/get-shit-done,javascript,3,6077,63823
aaaa8e96fee1d926bb173e282df8a11fee2a1bf8,glittercowboy/get-shit-done,gsd-build/get-shit-done,javascript,3,11910,63823
aaaa8e96fee1d926bb173e282df8a11fee2a1bf8,open-gsd/gsd-core,gsd-build/get-shit-done,javascript,3,6077,63823
b12d6849404ce3fc473e637bbb8d0ff8ed6faf91,glittercowboy/get-shit-done,gsd-build/get-shit-done,javascript,3,11910,63823
b12d6849404ce3fc473e637bbb8d0ff8ed6faf91,open-gsd/gsd-core,gsd-build/get-shit-done,javascript,3,6077,63823
caec78ed3871d7e30ee44d67333dbbf403b3c2fb,glittercowboy/get-shit-done,gsd-build/get-shit-done,javascript,3,11910,63823
caec78ed3871d7e30ee44d67333dbbf403b3c2fb,open-gsd/gsd-core,gsd-build/get-shit-done,javascript,3,6077,63823
7b369d2df3e1f4122fddcb7dd2ffc88474378759,glittercowboy/get-shit-done,gsd-build/get-shit-done,javascript,3,11910,63823
7b369d2df3e1f4122fddcb7dd2ffc88474378759,open-gsd/gsd-core,gsd-build/get-shit-done,javascript,3,6077,63823
f25ae33dff84a49837715fc5ef0dcef9cdbb1b79,glittercowboy/get-shit-done,gsd-build/get-shit-done,javascript,3,11910,63823
f25ae33dff84a49837715fc5ef0dcef9cdbb1b79,open-gsd/gsd-core,gsd-build/get-shit-done,javascript,3,6077,63823
e107b4e2253e0d803e48858138bf0513f53055d1,glittercowboy/get-shit-done,gsd-build/get-shit-done,javascript,3,11910,63823
e107b4e2253e0d803e48858138bf0513f53055d1,open-gsd/gsd-core,gsd-build/get-shit-done,javascript,3,6077,63823
2d80cc3afd66fa222c8f3cfefa6f7a4621b5fcb4,glittercowboy/get-shit-done,gsd-build/get-shit-done,javascript,3,11910,63823
2d80cc3afd66fa222c8f3cfefa6f7a4621b5fcb4,open-gsd/gsd-core,gsd-build/get-shit-done,javascript,3,6077,63823
7e2217186a45c082a83ca3292aff93043934a39d,glittercowboy/get-shit-done,gsd-build/get-shit-done,javascript,3,11910,63823
7e2217186a45c082a83ca3292aff93043934a39d,open-gsd/gsd-core,gsd-build/get-shit-done,javascript,3,6077,63823
0f77681df4753b6d413505937ec2955038cd653b,glittercowboy/get-shit-done,gsd-build/get-shit-done,javascript,3,11910,63823
0f77681df4753b6d413505937ec2955038cd653b,open-gsd/gsd-core,gsd-build/get-shit-done,javascript,3,6077,63823
d858f51a68ec9b04f3c002ae0144b195f4499a4c,glittercowboy/get-shit-done,gsd-build/get-shit-done,javascript,3,11910,63823
d858f51a68ec9b04f3c002ae0144b195f4499a4c,open-gsd/gsd-core,gsd-build/get-shit-done,javascript,3,6077,63823
053269823bc95d8c9dda3f74fdbfd1974757ee78,glittercowboy/get-shit-done,gsd-build/get-shit-done,javascript,3,11910,63823
053269823bc95d8c9dda3f74fdbfd1974757ee78,open-gsd/gsd-core,gsd-build/get-shit-done,javascript,3,6077,63823
e5cc0bb48b45d70f620365ceb92af8e6c7ca9837,glittercowboy/get-shit-done,gsd-build/get-shit-done,javascript,3,11910,63823
e5cc0bb48b45d70f620365ceb92af8e6c7ca9837,open-gsd/gsd-core,gsd-build/get-shit-done,javascript,3,6077,63823
67aeb049c2086df77f4b8dceafcd212f802ef8c5,glittercowboy/get-shit-done,gsd-build/get-shit-done,javascript,3,11910,63823
67aeb049c2086df77f4b8dceafcd212f802ef8c5,open-gsd/gsd-core,gsd-build/get-shit-done,javascript,3,6077,63823
7be9affea289287396cd282f1563e0502deee783,glittercowboy/get-shit-done,gsd-build/get-shit-done,javascript,3,11910,63823
7be9affea289287396cd282f1563e0502deee783,open-gsd/gsd-core,gsd-build/get-shit-done,javascript,3,6077,63823
0a18fc346444553c977e6c89798bbf80446892db,glittercowboy/get-shit-done,gsd-build/get-shit-done,javascript,3,11910,63823
0a18fc346444553c977e6c89798bbf80446892db,open-gsd/gsd-core,gsd-build/get-shit-done,javascript,3,6077,63823
01f0b4b5405591715f3d5d417aceae9a475049b9,glittercowboy/get-shit-done,gsd-build/get-shit-done,javascript,3,11910,63823
01f0b4b5405591715f3d5d417aceae9a475049b9,open-gsd/gsd-core,gsd-build/get-shit-done,javascript,3,6077,63823
f0a20e4dd78d0b9ee474050beacae94909df8dc5,glittercowboy/get-shit-done,gsd-build/get-shit-done,javascript,3,11910,63823
f0a20e4dd78d0b9ee474050beacae94909df8dc5,open-gsd/gsd-core,gsd-build/get-shit-done,javascript,3,6077,63823
c11ec0555451338c3ef666753ec2b24731d7a2c7,glittercowboy/get-shit-done,gsd-build/get-shit-done,javascript,3,11910,63823
c11ec0555451338c3ef666753ec2b24731d7a2c7,open-gsd/gsd-core,gsd-build/get-shit-done,javascript,3,6077,63823
e6e33602c314ffbf62b9f72017aa0b868a6e94ff,glittercowboy/get-shit-done,gsd-build/get-shit-done,javascript,3,11910,63823
e6e33602c314ffbf62b9f72017aa0b868a6e94ff,open-gsd/gsd-core,gsd-build/get-shit-done,javascript,3,6077,63823
2f28c99db472907df74ffe3d69a77c17d9648cd5,glittercowboy/get-shit-done,gsd-build/get-shit-done,javascript,3,11910,63823
2f28c99db472907df74ffe3d69a77c17d9648cd5,open-gsd/gsd-core,gsd-build/get-shit-done,javascript,3,6077,63823
98d92d75709734f363b8d6c2ae25a935588beaf7,glittercowboy/get-shit-done,gsd-build/get-shit-done,javascript,3,11910,63823
98d92d75709734f363b8d6c2ae25a935588beaf7,open-gsd/gsd-core,gsd-build/get-shit-done,javascript,3,6077,63823
0d6349a6c11061f46ad0c3f4b8b4c3fbd615f235,glittercowboy/get-shit-done,gsd-build/get-shit-done,javascript,3,11910,63823
0d6349a6c11061f46ad0c3f4b8b4c3fbd615f235,open-gsd/gsd-core,gsd-build/get-shit-done,javascript,3,6077,63823
86c5863afbb50d08eb64b6407f366b5c6dcb1595,glittercowboy/get-shit-done,gsd-build/get-shit-done,javascript,3,11910,63823
86c5863afbb50d08eb64b6407f366b5c6dcb1595,open-gsd/gsd-core,gsd-build/get-shit-done,javascript,3,6077,63823
1a3d9537674ec8fea8e4e522516041a29d300ddb,glittercowboy/get-shit-done,gsd-build/get-shit-done,javascript,3,11910,63823
1a3d9537674ec8fea8e4e522516041a29d300ddb,open-gsd/gsd-core,gsd-build/get-shit-done,javascript,3,6077,63823
709f0382bf725a7944d1b2993add3c36e6872818,glittercowboy/get-shit-done,gsd-build/get-shit-done,javascript,3,11910,63823
709f0382bf725a7944d1b2993add3c36e6872818,open-gsd/gsd-core,gsd-build/get-shit-done,javascript,3,6077,63823
34b39f0a37aa71ac09934c6f6c5ea5e6ba756bb0,glittercowboy/get-shit-done,gsd-build/get-shit-done,javascript,3,11910,63823
34b39f0a37aa71ac09934c6f6c5ea5e6ba756bb0,open-gsd/gsd-core,gsd-build/get-shit-done,javascript,3,6077,63823
cd057255769440451d5854e51e5ff0cd5eff34e2,glittercowboy/get-shit-done,gsd-build/get-shit-done,javascript,3,11910,63823
cd057255769440451d5854e51e5ff0cd5eff34e2,open-gsd/gsd-core,gsd-build/get-shit-done,javascript,3,6077,63823
1cb4bebcf5d2c5a3c3860048f10d71c9d14e5db9,glittercowboy/get-shit-done,gsd-build/get-shit-done,javascript,3,11910,63823
1cb4bebcf5d2c5a3c3860048f10d71c9d14e5db9,open-gsd/gsd-core,gsd-build/get-shit-done,javascript,3,6077,63823
290c8b2909815c9b19aecee34305e300b15c836a,glittercowboy/get-shit-done,gsd-build/get-shit-done,javascript,3,11910,63823
290c8b2909815c9b19aecee34305e300b15c836a,open-gsd/gsd-core,gsd-build/get-shit-done,javascript,3,6077,63823
6a293cfc2aadae85f69b0ba7d31affb03f1df9be,glittercowboy/get-shit-done,gsd-build/get-shit-done,javascript,3,11910,63823
6a293cfc2aadae85f69b0ba7d31affb03f1df9be,open-gsd/gsd-core,gsd-build/get-shit-done,javascript,3,6077,63823
77d929429f741a2287b655c4cf067afbafe3ca33,glittercowboy/get-shit-done,gsd-build/get-shit-done,javascript,3,11910,63823
77d929429f741a2287b655c4cf067afbafe3ca33,open-gsd/gsd-core,gsd-build/get-shit-done,javascript,3,6077,63823
3ac3a2ae708877a94d65f537ed444ebeb1b5eb44,glittercowboy/get-shit-done,gsd-build/get-shit-done,javascript,3,11910,63823
3ac3a2ae708877a94d65f537ed444ebeb1b5eb44,open-gsd/gsd-core,gsd-build/get-shit-done,javascript,3,6077,63823
54e6da31264d5c0cd6d28786c481e010a1812962,glittercowboy/get-shit-done,gsd-build/get-shit-done,javascript,3,11910,63823
54e6da31264d5c0cd6d28786c481e010a1812962,open-gsd/gsd-core,gsd-build/get-shit-done,javascript,3,6077,63823
936cf26706a35f6df06c30ded85222363545ba1d,glittercowboy/get-shit-done,gsd-build/get-shit-done,javascript,3,11910,63823
936cf26706a35f6df06c30ded85222363545ba1d,open-gsd/gsd-core,gsd-build/get-shit-done,javascript,3,6077,63823
7616309a32092b21b5c19176c18aed92ce4b7f9c,glittercowboy/get-shit-done,gsd-build/get-shit-done,javascript,3,11910,63823
7616309a32092b21b5c19176c18aed92ce4b7f9c,open-gsd/gsd-core,gsd-build/get-shit-done,javascript,3,6077,63823
b959b1844f6970b2bf57d2c8a0d1647e2dd78d4d,glittercowboy/get-shit-done,gsd-build/get-shit-done,javascript,3,11910,63823
b959b1844f6970b2bf57d2c8a0d1647e2dd78d4d,open-gsd/gsd-core,gsd-build/get-shit-done,javascript,3,6077,63823
fa78692167290cbb82c5bff3e04224b8674b58f6,glittercowboy/get-shit-done,gsd-build/get-shit-done,javascript,3,11910,63823
fa78692167290cbb82c5bff3e04224b8674b58f6,open-gsd/gsd-core,gsd-build/get-shit-done,javascript,3,6077,63823
a4e15d56160a8e9a6a682914cbab0c1cead8df32,glittercowboy/get-shit-done,gsd-build/get-shit-done,javascript,3,11910,63823
a4e15d56160a8e9a6a682914cbab0c1cead8df32,open-gsd/gsd-core,gsd-build/get-shit-done,javascript,3,6077,63823
897cff60513357041175eceb69a7aab0c6c54e8e,glittercowboy/get-shit-done,gsd-build/get-shit-done,javascript,3,11910,63823
897cff60513357041175eceb69a7aab0c6c54e8e,open-gsd/gsd-core,gsd-build/get-shit-done,javascript,3,6077,63823
9a13d2fc0b95c65c98aea1796e9a9ac29be4b159,glittercowboy/get-shit-done,gsd-build/get-shit-done,javascript,3,11910,63823
9a13d2fc0b95c65c98aea1796e9a9ac29be4b159,open-gsd/gsd-core,gsd-build/get-shit-done,javascript,3,6077,63823
e9a66da1e715b17eb1418a1f606b0d4abd58f51c,glittercowboy/get-shit-done,gsd-build/get-shit-done,javascript,3,11910,63823
e9a66da1e715b17eb1418a1f606b0d4abd58f51c,open-gsd/gsd-core,gsd-build/get-shit-done,javascript,3,6077,63823
ef43f5161f9d4cec0f735fe302210ff932388416,glittercowboy/get-shit-done,gsd-build/get-shit-done,javascript,3,11910,63823
ef43f5161f9d4cec0f735fe302210ff932388416,open-gsd/gsd-core,gsd-build/get-shit-done,javascript,3,6077,63823
9d5db87249d37e9e229cfe6ec013a660fc55ee2d,glittercowboy/get-shit-done,gsd-build/get-shit-done,javascript,3,11910,63823
9d5db87249d37e9e229cfe6ec013a660fc55ee2d,open-gsd/gsd-core,gsd-build/get-shit-done,javascript,3,6077,63823
c2ada7e7991b6e1fe4b54acfb42dafda7ae82874,glittercowboy/get-shit-done,gsd-build/get-shit-done,javascript,3,11910,63823
c2ada7e7991b6e1fe4b54acfb42dafda7ae82874,open-gsd/gsd-core,gsd-build/get-shit-done,javascript,3,6077,63823
d812c66020f8a0c5fb87b54bc4a2a36c1418e013,glittercowboy/get-shit-done,gsd-build/get-shit-done,javascript,3,11910,63823
d812c66020f8a0c5fb87b54bc4a2a36c1418e013,open-gsd/gsd-core,gsd-build/get-shit-done,javascript,3,6077,63823
e1d661ece064c890adb0ef7416bc924301b66e34,glittercowboy/get-shit-done,gsd-build/get-shit-done,javascript,3,11910,63823
e1d661ece064c890adb0ef7416bc924301b66e34,open-gsd/gsd-core,gsd-build/get-shit-done,javascript,3,6077,63823
6299b9181fa771874577d4218fd0b3eda8578891,glittercowboy/get-shit-done,gsd-build/get-shit-done,javascript,3,11910,63823
6299b9181fa771874577d4218fd0b3eda8578891,open-gsd/gsd-core,gsd-build/get-shit-done,javascript,3,6077,63823
6c27b2b338f29d9ccb47a6f0f88257da5cc61579,glittercowboy/get-shit-done,gsd-build/get-shit-done,javascript,3,11910,63823
6c27b2b338f29d9ccb47a6f0f88257da5cc61579,open-gsd/gsd-core,gsd-build/get-shit-done,javascript,3,6077,63823
2e87c60afccfab16fed0f0efd3e56dd2d9de10cf,glittercowboy/get-shit-done,gsd-build/get-shit-done,javascript,3,11910,63823
2e87c60afccfab16fed0f0efd3e56dd2d9de10cf,open-gsd/gsd-core,gsd-build/get-shit-done,javascript,3,6077,63823
14e47acd9c4266ad62401c6fea798c6a534139ac,glittercowboy/get-shit-done,gsd-build/get-shit-done,javascript,3,11910,63823
14e47acd9c4266ad62401c6fea798c6a534139ac,open-gsd/gsd-core,gsd-build/get-shit-done,javascript,3,6077,63823
cb27c18026b3c9ecbde9b8117ef6477cd466a696,glittercowboy/get-shit-done,gsd-build/get-shit-done,javascript,3,11910,63823
cb27c18026b3c9ecbde9b8117ef6477cd466a696,open-gsd/gsd-core,gsd-build/get-shit-done,javascript,3,6077,63823
6d330557561d66df4d0fe669da1b12dec6febfdb,glittercowboy/get-shit-done,gsd-build/get-shit-done,javascript,3,11910,63823
6d330557561d66df4d0fe669da1b12dec6febfdb,open-gsd/gsd-core,gsd-build/get-shit-done,javascript,3,6077,63823
0b621298474963cdb977e1828c3dc6bb1704cfb5,glittercowboy/get-shit-done,gsd-build/get-shit-done,javascript,3,11910,63823
0b621298474963cdb977e1828c3dc6bb1704cfb5,open-gsd/gsd-core,gsd-build/get-shit-done,javascript,3,6077,63823
e79c472d7b942e76be6a620e47075409c06985d9,glittercowboy/get-shit-done,gsd-build/get-shit-done,javascript,3,11910,63823
e79c472d7b942e76be6a620e47075409c06985d9,open-gsd/gsd-core,gsd-build/get-shit-done,javascript,3,6077,63823
c5d4cf35e67477c5f815b153666057cc5088b81b,glittercowboy/get-shit-done,gsd-build/get-shit-done,javascript,3,11910,63823
c5d4cf35e67477c5f815b153666057cc5088b81b,open-gsd/gsd-core,gsd-build/get-shit-done,javascript,3,6077,63823
245d5f66a15a48419f45bcfc67ff34f30293dac8,glittercowboy/get-shit-done,gsd-build/get-shit-done,javascript,3,11910,63823
245d5f66a15a48419f45bcfc67ff34f30293dac8,open-gsd/gsd-core,gsd-build/get-shit-done,javascript,3,6077,63823
490b2706f2e129c53e2de587c6ccec35638debae,glittercowboy/get-shit-done,gsd-build/get-shit-done,javascript,3,11910,63823
490b2706f2e129c53e2de587c6ccec35638debae,open-gsd/gsd-core,gsd-build/get-shit-done,javascript,3,6077,63823
ed8f4c9a31498a7163b4be44c6db80073d4456aa,glittercowboy/get-shit-done,gsd-build/get-shit-done,javascript,3,11910,63823
ed8f4c9a31498a7163b4be44c6db80073d4456aa,open-gsd/gsd-core,gsd-build/get-shit-done,javascript,3,6077,63823
a3ca6ff6d6a7516a5c0895b96bf4f219ff907992,glittercowboy/get-shit-done,gsd-build/get-shit-done,javascript,3,11910,63823
a3ca6ff6d6a7516a5c0895b96bf4f219ff907992,open-gsd/gsd-core,gsd-build/get-shit-done,javascript,3,6077,63823
79ea076daa72af987f9a739b5de1662325b6d2fc,glittercowboy/get-shit-done,gsd-build/get-shit-done,javascript,3,11910,63823
79ea076daa72af987f9a739b5de1662325b6d2fc,open-gsd/gsd-core,gsd-build/get-shit-done,javascript,3,6077,63823
4956e5e5c623bcd2b26f400cef714721e913c71f,glittercowboy/get-shit-done,gsd-build/get-shit-done,javascript,3,11910,63823
4956e5e5c623bcd2b26f400cef714721e913c71f,open-gsd/gsd-core,gsd-build/get-shit-done,javascript,3,6077,63823
ea05b750a5374458fc8c74ea0918059c818d1167,facebook/react,react/react,javascript,2,245642,246271
408d055a3b89794088130ed39bf42ca540766275,facebook/react,react/react,javascript,2,245642,246271
62d3f36ea79fc0a10b514d4bbcc4ba3f21b3206e,facebook/react,react/react,javascript,2,245642,246271
65b5aae010002ef88221cc4998711eaef6068006,facebook/react,react/react,javascript,2,245642,246271
acee65d6d031697ab8c71932a5b028351cbc3b03,facebook/react,react/react,javascript,2,245642,246271
93f1668045b924294f5832d5044fa049cd7af16e,facebook/react,react/react,javascript,2,245642,246271
bbc13fa17be8eebef3e6ee47f48c76c0c44e2f36,facebook/react,react/react,javascript,2,245642,246271
1d163962b21f9396d26930e31719bd8b10d9e107,facebook/react,react/react,javascript,2,245642,246271
99fd4f2ac1fc9bd6b7aeb57afb2bcb1599ad1165,facebook/react,react/react,javascript,2,245642,246271
6a8a8ef32692cc42b53d072d5ce6a6a84e190482,facebook/react,react/react,javascript,2,245642,246271
1be3ce9996f05ceb74fd8c11f08a84a5e57098f3,facebook/react,react/react,javascript,2,245642,246271
52684925368a41a0c9fbfca9016cdcbb72fc9d1e,facebook/react,react/react,javascript,2,245642,246271
3926e2438fd65a0fb2c7807b5a633ba147408ab9,facebook/react,react/react,javascript,2,245642,246271
e49335e961a77a45be32ad6c9c1877cbe2fe91f4,facebook/react,react/react,javascript,2,245642,246271
014138df87869b174956f90a33fd6cf66e160114,facebook/react,react/react,javascript,2,245642,246271
f6790c1068234252ecb65b515f170dca825cdcad,facebook/react,react/react,javascript,2,245642,246271
b91823e21434ac665450e67ddc6f816710255938,facebook/react,react/react,javascript,2,245642,246271
77df6e1db10c55bab61c064f4e74fa3524e0200d,facebook/react,react/react,javascript,2,245642,246271
0653fccd6547df6a7442a55e01b90a98eb4478de,facebook/react,react/react,javascript,2,245642,246271
d0d623d4c1ac02391a3bc97c8c0e8fee9cdfea2c,facebook/react,react/react,javascript,2,245642,246271
e27313127e4b138bed374b2a931598ff42275620,facebook/react,react/react,javascript,2,245642,246271
4b5d1c937e365ae4d4c27abd5e26f7467acb4fb0,facebook/react,react/react,javascript,2,245642,246271
218efce013b05907e05ee80ab5d848f990fcf6b9,facebook/react,react/react,javascript,2,245642,246271
15f7cd693e102c568df501eeeb9684f507e0ec0b,facebook/react,react/react,javascript,2,245642,246271
27b5fda65c848e182f1933394045ca7bff7c3d1b,llk/scratch-www,scratchfoundation/scratch-www,javascript,2,1373,1680
cc3d7b674b1a8da85c93e3f27da317cfea82a225,nodemailer/wildduck,zone-eu/wildduck,javascript,2,1955,2099
70aed51373803a2b92fd7fceaa9edf9e3456afad,nodemailer/wildduck,zone-eu/wildduck,javascript,2,1955,2099
f8e14f5699b648a2415fb48a3f54b8fdada1f4ff,nodemailer/wildduck,zone-eu/wildduck,javascript,2,1955,2099
ea86c9fd464574a0b8a1bf95c6fbc29d501570a9,nodemailer/wildduck,zone-eu/wildduck,javascript,2,1955,2099
af6bde35b0c8675b5acb80117eaaf5390db2b9db,nodemailer/wildduck,zone-eu/wildduck,javascript,2,1955,2099
6efc5a4543527dbc3ff4856949a91260037f8255,nodemailer/wildduck,zone-eu/wildduck,javascript,2,1955,2099
6a836b825f3e3583b812e8d501a2e680682d5055,nodemailer/wildduck,zone-eu/wildduck,javascript,2,1955,2099
b84484983fc7d1472e9dd3f9e583bd3223dad82c,nodemailer/wildduck,zone-eu/wildduck,javascript,2,1955,2099
4be3347526c089cd8aca2f3750735d9238b2ef12,nodemailer/wildduck,zone-eu/wildduck,javascript,2,1955,2099
03507ab2ce91ef9cbd8686c1d25642c0b17d3010,nodemailer/wildduck,zone-eu/wildduck,javascript,2,1955,2099
59c7b7b7b0402e8a4d96331b6f270ad50957f26e,nodemailer/wildduck,zone-eu/wildduck,javascript,2,1955,2099
5cce359d2da8808eb4548c75bb944561c5dc33ba,nodemailer/wildduck,zone-eu/wildduck,javascript,2,1955,2099
09c2e51128986abd0af2c9437384216a253d577b,tangly1024/notionnext,notionnext-org/NotionNext,javascript,2,11408,11632
ca6a585deff78057df406ced97ca1cf8598e9469,tangly1024/notionnext,notionnext-org/NotionNext,javascript,2,11408,11632
cbe4d6d57c6cb3d6139c1f164ad9cdd9e7e0e3d7,tangly1024/notionnext,notionnext-org/NotionNext,javascript,2,11408,11632
4df2edc4dc995a3888df67ede16bde9703cc1762,tangly1024/notionnext,notionnext-org/NotionNext,javascript,2,11408,11632
d6b2689984a19053aa2d92b5b2ee44cd6d94c563,tangly1024/notionnext,notionnext-org/NotionNext,javascript,2,11408,11632
d3d0aeb850fb85736a7a9f659fc71d8b11243086,tangly1024/notionnext,notionnext-org/NotionNext,javascript,2,11408,11632
dbd2cecf3c72e2c28385711a951c38eaace1ce62,tangly1024/notionnext,notionnext-org/NotionNext,javascript,2,11408,11632
e48f44e2b407137f009c6e5802b11a43e1be3155,tangly1024/notionnext,notionnext-org/NotionNext,javascript,2,11408,11632
1e34875bf47319cff47510a6cdf4f9f64ade7a09,tangly1024/notionnext,notionnext-org/NotionNext,javascript,2,11408,11632
6d259f54cd5d12c411218a60400f7ed81930f3a5,tangly1024/notionnext,notionnext-org/NotionNext,javascript,2,11408,11632
d652f6c32e25bafe4b1d3391159872da55629602,tangly1024/notionnext,notionnext-org/NotionNext,javascript,2,11408,11632
833ba4e74a741ee7593678c2f60644f4feb68704,tangly1024/notionnext,notionnext-org/NotionNext,javascript,2,11408,11632
da4ba6180c688946f828fa4a5e02a1cbf6784910,tangly1024/notionnext,notionnext-org/NotionNext,javascript,2,11408,11632
da01053de21b7bf84afbce1fd0bf2457061766a8,olifolkerd/tabulator,tabulator-tables/tabulator,javascript,2,7614,7712
89a06f89de9624e68817da019783149b481d0578,ewels/multiqc,MultiQC/MultiQC,python,2,1048,1468
001f3c4e7d80667953ccde64300f8a0160408480,ewels/multiqc,MultiQC/MultiQC,python,2,1048,1468
805ea23b3b0170a43ac46f358bf62ea9dda3a143,ewels/multiqc,MultiQC/MultiQC,python,2,1048,1468
b0431fcfcc4e60ab5712048fb7f312ad510dd341,ewels/multiqc,MultiQC/MultiQC,python,2,1048,1468
0e160285b046c5dc53d25ad30c4a4b49c4fc7598,ewels/multiqc,MultiQC/MultiQC,python,2,1048,1468
d1eea197c1efd7b9904819e3c9147ce277ddf016,ewels/multiqc,MultiQC/MultiQC,python,2,1048,1468
3592515dc7133008bb58be7c3f906e1e1959ad4a,ewels/multiqc,MultiQC/MultiQC,python,2,1048,1468
9c71a8ecab0071a7602e8ad15774e107019eb659,jokob-sk/NetAlertX,netalertx/NetAlertX,python,2,5333,6675
2fa181ffbc293a0097c04ab921853a7b9bdb34b0,jokob-sk/NetAlertX,netalertx/NetAlertX,python,2,5333,6675
b1b67c268f2412a6fc4cb74c2621fe539aa23564,jokob-sk/NetAlertX,netalertx/NetAlertX,python,2,5333,6675
fd3f1fc9296b8f86d3a85e71296fc099010cf0ea,jokob-sk/NetAlertX,netalertx/NetAlertX,python,2,5333,6675
b59bca2967cc66e107c950de5a676fae07dfe5bd,jokob-sk/NetAlertX,netalertx/NetAlertX,python,2,5333,6675
d29700acf8c53fe6313bae42b71b121d19657379,jokob-sk/NetAlertX,netalertx/NetAlertX,python,2,5333,6675
8483a741b47c9125bba590b479baefa3597bd323,jokob-sk/NetAlertX,netalertx/NetAlertX,python,2,5333,6675
2bf3ff9f00bd320c0372b346e7118683e7b4cd43,jokob-sk/NetAlertX,netalertx/NetAlertX,python,2,5333,6675
fbb4a2f8b4d125be24d37fac4977a5390a004a26,jokob-sk/NetAlertX,netalertx/NetAlertX,python,2,5333,6675
d849583dd52472441fcdf9fe3729bd36aee11189,jokob-sk/NetAlertX,netalertx/NetAlertX,python,2,5333,6675
478b018fa5e20b7cf4c968b356c9923bb9e31f04,jokob-sk/NetAlertX,netalertx/NetAlertX,python,2,5333,6675
5996e70f6002a3e7a8e29045e043f6ed9cdf4c5b,jokob-sk/NetAlertX,netalertx/NetAlertX,python,2,5333,6675
70645e7ef3972c6750ec3ff521d1fb902ee05874,jokob-sk/NetAlertX,netalertx/NetAlertX,python,2,5333,6675
814ba02d1c619dba711be583798d53296ad21224,jokob-sk/NetAlertX,netalertx/NetAlertX,python,2,5333,6675
3f80d2e57f22f812d04ee960b2c5d1dbc93f9640,jokob-sk/NetAlertX,netalertx/NetAlertX,python,2,5333,6675
5839853f69f561d172ef2c4bb7de53f813a2e11e,jokob-sk/NetAlertX,netalertx/NetAlertX,python,2,5333,6675
8abecb7a0dbb8549a54f9cb1d5a3b51e28dfaa39,jokob-sk/NetAlertX,netalertx/NetAlertX,python,2,5333,6675
5f62d25e23eb1fc53b4a37b8e376e28cfe2aeb22,jokob-sk/NetAlertX,netalertx/NetAlertX,python,2,5333,6675
26b337d6a7cb99ca0543bf1a91fb46b9d88d2353,jokob-sk/NetAlertX,netalertx/NetAlertX,python,2,5333,6675
18ec0ce96c9c469c537520eaafab094f817880c9,jokob-sk/NetAlertX,netalertx/NetAlertX,python,2,5333,6675
eba3c46e6652d63f32abbd7df83f43e9f7eb9b2e,apconw/sanic-web,apconw/Aix-DB,python,2,1767,2175
5df2052ce392b26d658b6d9421977171588bbf5b,datopian/recline,datopian/portal.js,typescript,2,1970,2025
d565f12b2faa4545b28f1508b477cfb23d024a64,datopian/recline,datopian/portal.js,typescript,2,1970,2025
0a6f3b1c915bd90fff14b3c0286eeef80ffc8253,datopian/recline,datopian/portal.js,typescript,2,1970,2025
8051bc4fd8b4b3c61b446b10033ded55167b53fb,glittercowboy/get-shit-done,gsd-build/get-shit-done,typescript,3,11910,63823
8051bc4fd8b4b3c61b446b10033ded55167b53fb,open-gsd/gsd-core,gsd-build/get-shit-done,typescript,3,6077,63823
8090456b66470908d07cdf02ab5a3b5357fa5e8b,glittercowboy/get-shit-done,gsd-build/get-shit-done,typescript,3,11910,63823
8090456b66470908d07cdf02ab5a3b5357fa5e8b,open-gsd/gsd-core,gsd-build/get-shit-done,typescript,3,6077,63823
2c715041fa46bb3641c3b587e18fc94b6f643581,llk/scratch-blocks,scratchfoundation/scratch-blocks,typescript,2,2235,2750
1fba837b4834ff18fb99662dc96cb8f261be3050,llk/scratch-blocks,scratchfoundation/scratch-blocks,typescript,2,2235,2750
2efe1d61bcedd5fbfcdae459eb79d570d7deb832,llk/scratch-blocks,scratchfoundation/scratch-blocks,typescript,2,2235,2750
5314b8777a148d6a690072f2b74e1d7c904e12e6,llk/scratch-blocks,scratchfoundation/scratch-blocks,typescript,2,2235,2750
353b38f521f3420dc9c6e2e94029e7e9b39a2d50,llk/scratch-blocks,scratchfoundation/scratch-blocks,typescript,2,2235,2750
c66999408bb4240f93016f799bd582243cdb5d38,llk/scratch-blocks,scratchfoundation/scratch-blocks,typescript,2,2235,2750
3416849248315aab0802c7a41e17f1d33562a8c5,llk/scratch-blocks,scratchfoundation/scratch-blocks,typescript,2,2235,2750
f84b0c5519946dd3eb7463598950ccfb319bf692,zhennann/cabloy,cabloy/cabloy-pro,typescript,2,922,929
